NatDex,Pokemon,Votes,Percentage
258,Mudkip,51127,0.48337903
94,Gengar,54643,0.51662097
143,Snorlax,41438,0.50365239
194,Wooper,40837,0.49634761
