NatDex,Pokemon,Votes,Percentage
474,Porygon-Z,19055,0.34816371
143,Snorlax,35675,0.65183629
94,Gengar,36166,0.61556006
1,Bulbasaur,22587,0.38443994
194,Wooper,36991,0.52463550
196,Espeon,33517,0.47536450
133,Eevee,26070,0.44567912
258,Mudkip,32425,0.55432088
