NatDex,Pokemon,Votes,Percentage
474,Porygon-Z,27108,0.54842299
302,Sableye,22321,0.45157701
195,Quagsire,20010,0.39841510
143,Snorlax,30214,0.60158490
94,Gengar,34420,0.68900633
359,Absol,15536,0.31099367
1,Bulbasaur,26790,0.51567824
155,Cyndaquil,25161,0.48432176
194,Wooper,27794,0.51839003
330,Flygon,25822,0.48160997
253,Grovyle,28646,0.47198972
196,Espeon,32046,0.52801028
133,Eevee,30879,0.53189217
131,Lapras,27176,0.46810783
258,Mudkip,35201,0.61485389
722,Rowlet,22050,0.38514611
