NatDex,Pokemon,Votes,Percentage
143,Snorlax,18386,0.36338123
94,Gengar,32211,0.63661877
194,Wooper,23576,0.41239854
258,Mudkip,33592,0.58760146
